<?xml version="1.0" encoding="UTF-8"?>

<students xmlns:xsi="http://www.w3.org/2001/XMLSchema-instance">

<student id="stu1001">
<rollno>001</rollno>
<firstname>Manish</firstname>
<lastname>patidar</lastname>
<sem1marks>56.0</sem1marks>
<sem2marks>86.0</sem2marks>
<sem3marks>56.0</sem3marks>
<sem4marks>76.0</sem4marks>
<sem5marks>78.0</sem5marks>
<sem6marks>98.0</sem6marks>
</student>

<student id="stu1002">

<rollno>002</rollno>
<firstname>Ram</firstname>
<lastname>sharma</lastname>
<sem1marks>45.0</sem1marks>
<sem2marks>76.0</sem2marks>
<sem3marks>75.0</sem3marks>
<sem4marks>78.0</sem4marks>
<sem5marks>98.0</sem5marks>
<sem6marks>47.0</sem6marks>
</student>

<student id="stu1003">
<rollno>003</rollno>
<firstname>Kapil</firstname>
<lastname>Sharma</lastname>
<sem1marks>54.0</sem1marks>
<sem2marks>73.0</sem2marks>
<sem3marks>95.0</sem3marks>
<sem4marks>74.0</sem4marks>
<sem5marks>44.0</sem5marks>
<sem6marks>88.0</sem6marks>
</student>
</students>